{"cameraMode":{"drawMode":0,"name":"Shaded","section":"Shading Mode"},"sceneLighting":true,"audioPlay":false,"sceneViewState":{"showFog":true,"showMaterialUpdate":false,"showSkybox":true,"showFlares":true,"showImageEffects":true,"showParticleSystems":true},"in2DMode":false,"pivot":{"x":0.19782620668411256,"y":17.45751953125,"z":-23.931455612182618},"rotation":{"x":0.25163987278938296,"y":0.013065106235444546,"z":-0.0033973483368754389,"w":0.9677271842956543},"size":4.196896076202393,"orthographic":false}